USOS;H0100;H0101;H0102;H0104;H0105;H0106;H0107;H0108;H0109;H0110
1;;;16;;;;;;;
2;;;16;;;;;;;
3;;;16;;;;;;;
4;;;16;;;;;;;
5;;;16;;;;;;;
6;;;16;;;;;;;
7;;;16;;;;;;;
8;;;16;;;;;;;
9;;;16;;;;;;;
10;;;16;;;;;;;
11;;;16;;;;;;;
12;;;16;;;;;;;
13;;;16;;;;;;;
14;;;16;;;;;;;
15;;;16;;;;;;;
16;;;16;;;;;;;
17;;;16;;;;;;;
18;;;16;;;;;;;
19;;;16;;;;;;;
20;;;16;;;;;;;
21;;;16;;;;;;;
22;;;16;;;;;;;
23;;;16;;;;;;;
24;;;16;;;;;;;
25;;;16;;;;;;;
26;;;16;;;;;;;
27;;;16;;;;;;;
28;;;16;;;;;;;
29;;;16;;;;;;;
30;;;16;;;;;;;
31;;;16;;;;;;;
32;;;16;;;;;;;
33;;;16;;;;;;;
34;;;16;;;;;;;
35;;;16;;;;;;;
36;;;16;;;;;;;
37;;;16;;;;;;;
38;;;16;;;;;;;
39;;;16;;;;;;;
40;;;16;;;;;;;
41;;;16;;;;;;;
42;;;16;;;;;;;
43;;;16;;;;;;;
44;;;16;;;;;;;
45;;;16;;;;;;;
46;;;16;;;;;;;
47;;;16;;;;;;;
48;;;16;;;;;;;
49;;;16;;;;;;;
50;;;16;;;;;;;
51;;;16;;;;;;;
52;;;16;;;;;;;
53;;;16;;;;;;;
54;;;16;;;;;;;
55;;;16;;;;;;;
56;;;16;;;;;;;
57;;;16;;;;;;;
58;;;16;;;;;;;
59;;;16;;;;;;;
60;;;16;;;;;;;
61;;;16;;;;;;;
62;;;16;;;;;;;
63;;;16;;;;;;;
64;;;16;;;;;;;
65;;;16;;;;;;;
66;;;16;;;;;;;
67;;;16;;;;;;;
68;;;16;;;;;;;
69;;;16;;;;;;;
70;;;16;;;;;;;
71;;;16;;;;;;;
72;;;16;;;;;;;
73;;;16;;;;;;;
74;;;16;;;;;;;
75;;;16;;;;;;;
76;;;16;;;;;;;
77;;;16;;;;;;;
78;;;16;;;;;;;
79;;;16;;;;;;;
80;;;16;;;;;;;
81;;;16;;;;;;;
82;;;16;;;;;;;
83;;;16;;;;;;;
84;;;16;;;;;;;
85;;;16;;;;;;;
86;;;16;;;;;;;
87;;;16;;;;;;;
88;;;16;;;;;;;
89;;;16;;;;;;;
90;;;16;;;;;;;
91;;;16;;;;;;;
92;;;16;;;;;;;
93;;;16;;;;;;;
94;;;16;;;;;;;
95;;;16;;;;;;;
96;;;16;;;;;;;
97;;;16;;;;;;;
98;;;16;;;;;;;
99;;;16;;;;;;;
100;;;16;;;;;;;
101;;;9;;;;;;;
102;;;9;;;;;;;
103;;;9;;;;;;;
104;;;9;;;;;;;
105;;;9;;;;;;;
106;;;9;;;;;;;
107;;;9;;;;;;;
108;;;9;;;;;;;
109;;;9;;;;;;;
110;;;9;;;;;;;
111;;;9;;;;;;;
112;;;9;;;;;;;
113;;;9;;;;;;;
114;;;9;;;;;;;
115;;;9;;;;;;;
116;;;9;;;;;;;
117;;;9;;;;;;;
118;;;9;;;;;;;
119;;;9;;;;;;;
120;;;9;;;;;;;
121;;;9;;;;;;;
122;;;9;;;;;;;
123;;;9;;;;;;;
124;;;9;;;;;;;
125;;;9;;;;;;;
126;;;9;;;;;;;
127;;;9;;;;;;;
128;;;9;;;;;;;
129;;;9;;;;;;;
130;;;9;;;;;;;
131;;;9;;;;;;;
132;;;9;;;;;;;
133;;;9;;;;;;;
134;;;9;;;;;;;
135;;;9;;;;;;;
136;;;9;;;;;;;
137;;;9;;;;;;;
138;;;9;;;;;;;
139;;;9;;;;;;;
140;;;9;;;;;;;
141;;;9;;;;;;;
142;;;9;;;;;;;
143;;;9;;;;;;;
144;;;9;;;;;;;
145;;;9;;;;;;;
146;;;9;;;;;;;
147;;;9;;;;;;;
148;;;9;;;;;;;
149;;;9;;;;;;;
150;;;9;;;;;;;
151;;;9;;;;;;;
152;;;9;;;;;;;
153;;;9;;;;;;;
154;;;9;;;;;;;
155;;;9;;;;;;;
156;;;9;;;;;;;
157;;;9;;;;;;;
158;;;9;;;;;;;
159;;;9;;;;;;;
160;;;9;;;;;;;
161;;;9;;;;;;;
162;;;9;;;;;;;
163;;;9;;;;;;;
164;;;9;;;;;;;
165;;;9;;;;;;;
166;;;9;;;;;;;
167;;;9;;;;;;;
168;;;9;;;;;;;
169;;;9;;;;;;;
170;;;9;;;;;;;
171;;;9;;;;;;;
172;;;9;;;;;;;
173;;;9;;;;;;;
174;;;9;;;;;;;
175;;;9;;;;;;;
176;;;9;;;;;;;
177;;;9;;;;;;;
178;;;9;;;;;;;
179;;;9;;;;;;;
180;;;9;;;;;;;
181;;;9;;;;;;;
182;;;9;;;;;;;
183;;;9;;;;;;;
184;;;9;;;;;;;
185;;;9;;;;;;;
186;;;9;;;;;;;
187;;;9;;;;;;;
188;;;9;;;;;;;
189;;;9;;;;;;;
190;;;9;;;;;;;
191;;;9;;;;;;;
192;;;9;;;;;;;
193;;;9;;;;;;;
194;;;9;;;;;;;
195;;;9;;;;;;;
196;;;9;;;;;;;
197;;;9;;;;;;;
198;;;9;;;;;;;
199;;;9;;;;;;;
200;;;9;;;;;;;
201;;;9;;;;;;;
202;;;9;;;;;;;
203;;;9;;;;;;;
204;;;9;;;;;;;
205;;;9;;;;;;;
206;;;9;;;;;;;
207;;;9;;;;;;;
208;;;9;;;;;;;
209;;;9;;;;;;;
210;;;9;;;;;;;
211;;;9;;;;;;;
212;;;9;;;;;;;
213;;;9;;;;;;;
214;;;9;;;;;;;
215;;;23;;;;;;;
216;;;23;;;;;;;
217;;;23;;;;;;;
218;;;23;;;;;;;
219;;;23;;;;;;;
220;;;23;;;;;;;
221;;;23;;;;;;;
222;;;23;;;;;;;
223;;;23;;;;;;;
224;;;23;;;;;;;
225;;;23;;;;;;;
226;;;23;;;;;;;
227;;;23;;;;;;;
228;;;23;;;;;;;
229;;;23;;;;;;;
230;;;23;;;;;;;
231;;;23;;;;;;;
232;;;23;;;;;;;
233;;;23;;;;;;;
234;;;23;;;;;;;
235;;;23;;;;;;;
236;;;23;;;;;;;
237;;;23;;;;;;;
238;;;23;;;;;;;
239;;;23;;;;;;;
240;;;23;;;;;;;
241;;;23;;;;;;;
242;;;23;;;;;;;
243;;;23;;;;;;;
244;;;23;;;;;;;
245;;;23;;;;;;;
246;;;23;;;;;;;
247;;;23;;;;;;;
248;;;23;;;;;;;
249;;;23;;;;;;;
250;;;23;;;;;;;
251;;;23;;;;;;;
252;;;23;;;;;;;
253;;;23;;;;;;;
254;;;23;;;;;;;
255;;;23;;;;;;;
256;;;23;;;;;;;
257;;;23;;;;;;;
258;;;23;;;;;;;
259;;;23;;;;;;;
260;;;23;;;;;;;
261;;;23;;;;;;;
262;;;23;;;;;;;
263;;;23;;;;;;;
264;;;23;;;;;;;
265;;;23;;;;;;;
266;;;23;;;;;;;
267;;;23;;;;;;;
268;;;23;;;;;;;
269;;;23;;;;;;;
270;;;23;;;;;;;
271;;;4;;;;;;;
272;;;4;;;;;;;
273;;;4;;;;;;;
274;;;4;;;;;;;
275;;;4;;;;;;;
276;;;4;;;;;;;
277;;;4;;;;;;;
278;;;4;;;;;;;
279;;;2;;;;;;;
280;;;2;;;;;;;
281;;;2;;;;;;;
282;;;2;;;;;;;
283;;;2;;;;;;;
284;;;2;;;;;;;
285;;;2;;;;;;;
286;;;2;;;;;;;
287;;;2;;;;;;;
288;;;2;;;;;;;
289;;;2;;;;;;;
290;;;2;;;;;;;
291;;;2;;;;;;;
292;;;2;;;;;;;
293;;;2;;;;;;;
294;;;2;;;;;;;
295;;;2;;;;;;;
296;;;2;;;;;;;
297;;;2;;;;;;;
298;;;2;;;;;;;
299;;;2;;;;;;;
300;;;2;;;;;;;
301;;;3;;;;;;;
302;;;3;;;;;;;
303;;;3;;;;;;;
304;;;3;;;;;;;
305;;;12;;;;;;;
306;;;12;;;;;;;
307;;;12;;;;;;;
308;;;12;;;;;;;
309;;;12;;;;;;;
310;;;12;;;;;;;
311;;;12;;;;;;;
312;;;12;;;;;;;
313;;;12;;;;;;;
314;;;12;;;;;;;
315;;;12;;;;;;;
316;;;12;;;;;;;
317;;;12;;;;;;;
318;;;12;;;;;;;
319;;;12;;;;;;;
320;;;12;;;;;;;
321;;;12;;;;;;;
322;;;12;;;;;;;
323;;;12;;;;;;;
324;;;12;;;;;;;
325;;;12;;;;;;;
326;;;12;;;;;;;
327;;;12;;;;;;;
328;;;12;;;;;;;
329;;;12;;;;;;;
330;;;12;;;;;;;
331;;;12;;;;;;;
332;;;12;;;;;;;
333;;;12;;;;;;;
334;;;12;;;;;;;
335;;;12;;;;;;;
336;;;12;;;;;;;
337;;;12;;;;;;;
338;;;12;;;;;;;
339;;;12;;;;;;;
340;;;12;;;;;;;
341;;;12;;;;;;;
342;;;12;;;;;;;
343;;;12;;;;;;;
344;;;12;;;;;;;
345;;;12;;;;;;;
346;;;12;;;;;;;
347;;;12;;;;;;;
348;;;12;;;;;;;
349;;;12;;;;;;;
350;;;12;;;;;;;
351;;;12;;;;;;;
352;;;12;;;;;;;
353;;;12;;;;;;;
354;;;12;;;;;;;
355;;;12;;;;;;;
356;;;12;;;;;;;
357;;;12;;;;;;;
358;;;12;;;;;;;
359;;;12;;;;;;;
360;;;12;;;;;;;
361;;;12;;;;;;;
362;;;12;;;;;;;
363;;;12;;;;;;;
364;;;12;;;;;;;
365;;;12;;;;;;;
366;;;12;;;;;;;
367;;;12;;;;;;;
368;;;12;;;;;;;
369;;;12;;;;;;;
370;;;12;;;;;;;
371;;;12;;;;;;;
372;;;12;;;;;;;
373;;;12;;;;;;;
374;;;12;;;;;;;
375;;;12;;;;;;;
376;;;12;;;;;;;
377;;;12;;;;;;;
378;;;12;;;;;;;
379;;;12;;;;;;;
380;;;12;;;;;;;
381;;;12;;;;;;;
382;;;12;;;;;;;
383;;;12;;;;;;;
384;;;12;;;;;;;
385;;;12;;;;;;;
386;;;12;;;;;;;
387;;;12;;;;;;;
388;;;12;;;;;;;
389;;;12;;;;;;;
390;;;12;;;;;;;
391;;;12;;;;;;;
392;;;12;;;;;;;
393;;;12;;;;;;;
394;;;12;;;;;;;
395;;;12;;;;;;;
396;;;12;;;;;;;
397;;;12;;;;;;;
398;;;12;;;;;;;
399;;;12;;;;;;;
400;;;12;;;;;;;
401;;;12;;;;;;;
402;;;12;;;;;;;
403;;;12;;;;;;;
404;;;12;;;;;;;
405;;;12;;;;;;;
406;;;12;;;;;;;
407;;;12;;;;;;;
408;;;12;;;;;;;
409;;;12;;;;;;;
410;;;12;;;;;;;
411;;;12;;;;;;;
412;;;12;;;;;;;
413;;;12;;;;;;;
414;;;12;;;;;;;
415;;;12;;;;;;;
416;;;12;;;;;;;
417;;;12;;;;;;;
418;;;12;;;;;;;
419;;;12;;;;;;;
420;;;12;;;;;;;
421;;;12;;;;;;;
422;;;12;;;;;;;
423;;;12;;;;;;;
424;;;12;;;;;;;
425;;;12;;;;;;;
426;;;12;;;;;;;
427;;;12;;;;;;;
428;;;12;;;;;;;
429;;;12;;;;;;;
430;;;12;;;;;;;
431;;;12;;;;;;;
432;;;12;;;;;;;
433;;;12;;;;;;;
434;;;12;;;;;;;
435;;;12;;;;;;;
436;;;12;;;;;;;
437;;;12;;;;;;;
438;;;12;;;;;;;
439;;;12;;;;;;;
440;;;12;;;;;;;
441;;;12;;;;;;;
442;;;12;;;;;;;
443;;;12;;;;;;;
444;;;12;;;;;;;
445;;;12;;;;;;;
446;;;12;;;;;;;
447;;;12;;;;;;;
448;;;12;;;;;;;
449;;;12;;;;;;;
450;;;12;;;;;;;
451;;;12;;;;;;;
452;;;12;;;;;;;
453;;;12;;;;;;;
454;;;12;;;;;;;
455;;;12;;;;;;;
456;;;12;;;;;;;
457;;;12;;;;;;;
458;;;12;;;;;;;
459;;;12;;;;;;;
460;;;12;;;;;;;
461;;;12;;;;;;;
462;;;12;;;;;;;
463;;;12;;;;;;;
464;;;12;;;;;;;
465;;;12;;;;;;;
466;;;12;;;;;;;
467;;;12;;;;;;;
468;;;12;;;;;;;
469;;;12;;;;;;;
470;;;12;;;;;;;
471;;;10;;;;;;;
472;;;10;;;;;;;
473;;;10;;;;;;;
474;;;10;;;;;;;
475;;;10;;;;;;;
476;;;10;;;;;;;
477;;;10;;;;;;;
478;;;10;;;;;;;
479;;;10;;;;;;;
480;;;10;;;;;;;
481;;;10;;;;;;;
482;;;10;;;;;;;
483;;;10;;;;;;;
484;;;10;;;;;;;
485;;;10;;;;;;;
486;;;10;;;;;;;
487;;;10;;;;;;;
488;;;10;;;;;;;
489;;;10;;;;;;;
490;;;10;;;;;;;
491;;;10;;;;;;;
492;;;10;;;;;;;
493;;;10;;;;;;;
494;;;10;;;;;;;
495;;;10;;;;;;;
496;;;10;;;;;;;
497;;;6;;;;;;;
498;;;6;;;;;;;
499;;;6;;;;;;;
500;;;6;;;;;;;
501;;;6;;;;;;;
502;;;6;;;;;;;
503;;;6;;;;;;;
504;;;6;;;;;;;
505;;;6;;;;;;;
506;;;6;;;;;;;
507;;;6;;;;;;;
508;;;6;;;;;;;
509;;;6;;;;;;;
510;;;7;;;;;;;
511;;;7;;;;;;;
512;;;7;;;;;;;
513;;;7;;;;;;;
514;;;7;;;;;;;
515;;;7;;;;;;;
516;;;7;;;;;;;
517;;;7;;;;;;;
518;;;7;;;;;;;
519;;;7;;;;;;;
520;;;7;;;;;;;
521;;;7;;;;;;;
522;;;7;;;;;;;
523;;;7;;;;;;;
524;;;7;;;;;;;
525;;;7;;;;;;;
526;;;7;;;;;;;
527;;;7;;;;;;;
528;;;7;;;;;;;
529;;;7;;;;;;;
530;;;7;;;;;;;
531;;;8;;;;;;;
532;;;8;;;;;;;
533;;;8;;;;;;;
534;;;8;;;;;;;
535;;;8;;;;;;;
536;;;8;;;;;;;
537;;;8;;;;;;;
538;;;8;;;;;;;
539;;;8;;;;;;;
540;;;8;;;;;;;
541;;;8;;;;;;;
542;;;8;;;;;;;
543;;;8;;;;;;;
544;;;8;;;;;;;
545;;;8;;;;;;;
546;;;8;;;;;;;
547;;;8;;;;;;;
548;;;8;;;;;;;
549;;;8;;;;;;;
550;;;8;;;;;;;
551;;;8;;;;;;;
552;;;8;;;;;;;
553;;;8;;;;;;;
554;;;8;;;;;;;
555;;;8;;;;;;;
556;;;8;;;;;;;
557;;;8;;;;;;;
558;;;8;;;;;;;
559;;;8;;;;;;;
560;;;8;;;;;;;
561;;;8;;;;;;;
562;;;8;;;;;;;
563;;;8;;;;;;;
564;;;8;;;;;;;
565;;;8;;;;;;;
566;;;8;;;;;;;
567;;;8;;;;;;;
568;;;8;;;;;;;
569;;;8;;;;;;;
570;;;8;;;;;;;
571;;;8;;;;;;;
572;;;8;;;;;;;
573;;;8;;;;;;;
574;;;8;;;;;;;
575;;;8;;;;;;;
576;;;8;;;;;;;
577;;;8;;;;;;;
578;;;8;;;;;;;
579;;;8;;;;;;;
580;;;8;;;;;;;
581;;;8;;;;;;;
582;;;8;;;;;;;
583;;;8;;;;;;;
584;;;8;;;;;;;
585;;;8;;;;;;;
586;;;8;;;;;;;
587;;;8;;;;;;;
588;;;8;;;;;;;
589;;;8;;;;;;;
590;;;8;;;;;;;
591;;;8;;;;;;;
592;;;8;;;;;;;
593;;;8;;;;;;;
594;;;8;;;;;;;
595;;;14;;;;;;;
596;;;14;;;;;;;
597;;;14;;;;;;;
598;;;14;;;;;;;
599;;;14;;;;;;;
600;;;14;;;;;;;
601;;;14;;;;;;;
602;;;14;;;;;;;
603;;;14;;;;;;;
604;;;14;;;;;;;
605;;;14;;;;;;;
606;;;14;;;;;;;
607;;;14;;;;;;;
608;;;14;;;;;;;
609;;;14;;;;;;;
610;;;14;;;;;;;
611;;;14;;;;;;;
612;;;14;;;;;;;
613;;;14;;;;;;;
614;;;14;;;;;;;
615;;;14;;;;;;;
616;;;14;;;;;;;
617;;;14;;;;;;;
618;;;14;;;;;;;
619;;;14;;;;;;;
620;;;14;;;;;;;
621;;;14;;;;;;;
622;;;14;;;;;;;
623;;;14;;;;;;;
624;;;14;;;;;;;
625;;;14;;;;;;;
626;;;14;;;;;;;
627;;;14;;;;;;;
628;;;14;;;;;;;
629;;;14;;;;;;;
630;;;14;;;;;;;
631;;;14;;;;;;;
632;;;14;;;;;;;
633;;;14;;;;;;;
634;;;14;;;;;;;
635;;;14;;;;;;;
636;;;14;;;;;;;
637;;;14;;;;;;;
638;;;14;;;;;;;
639;;;14;;;;;;;
640;;;14;;;;;;;
641;;;14;;;;;;;
642;;;14;;;;;;;
643;;;14;;;;;;;
644;;;14;;;;;;;
645;;;14;;;;;;;
646;;;14;;;;;;;
647;;;14;;;;;;;
648;;;14;;;;;;;
649;;;14;;;;;;;
650;;;14;;;;;;;
651;;;14;;;;;;;
652;;;14;;;;;;;
653;;;14;;;;;;;
654;;;14;;;;;;;
655;;;14;;;;;;;
656;;;14;;;;;;;
657;;;14;;;;;;;
658;;;14;;;;;;;
659;;;14;;;;;;;
660;;;14;;;;;;;
661;;;14;;;;;;;
662;;;14;;;;;;;
663;;;14;;;;;;;
664;;;14;;;;;;;
665;;;14;;;;;;;
666;;;14;;;;;;;
667;;;14;;;;;;;
668;;;14;;;;;;;
669;;;14;;;;;;;
670;;;14;;;;;;;
671;;;14;;;;;;;
672;;;14;;;;;;;
673;;;14;;;;;;;
674;;;14;;;;;;;
675;;;14;;;;;;;
676;;;14;;;;;;;
677;;;14;;;;;;;
678;;;14;;;;;;;
679;;;14;;;;;;;
680;;;14;;;;;;;
681;;;14;;;;;;;
682;;;14;;;;;;;
683;;;14;;;;;;;
684;;;14;;;;;;;
685;;;14;;;;;;;
686;;;14;;;;;;;
687;;;14;;;;;;;
688;;;14;;;;;;;
689;;;14;;;;;;;
690;;;14;;;;;;;
691;;;14;;;;;;;
692;;;14;;;;;;;
693;;;14;;;;;;;
694;;;14;;;;;;;
695;;;14;;;;;;;
696;;;14;;;;;;;
697;;;14;;;;;;;
698;;;14;;;;;;;
699;;;14;;;;;;;
700;;;14;;;;;;;
701;;;14;;;;;;;
702;;;14;;;;;;;
703;;;14;;;;;;;
704;;;14;;;;;;;
705;;;14;;;;;;;
706;;;14;;;;;;;
707;;;14;;;;;;;
708;;;14;;;;;;;
709;;;14;;;;;;;
710;;;14;;;;;;;
711;;;14;;;;;;;
712;;;14;;;;;;;
713;;;14;;;;;;;
714;;;14;;;;;;;
715;;;14;;;;;;;
716;;;14;;;;;;;
717;;;14;;;;;;;
718;;;14;;;;;;;
719;;;14;;;;;;;
720;;;14;;;;;;;
721;;;14;;;;;;;
722;;;14;;;;;;;
723;;;14;;;;;;;
724;;;14;;;;;;;
725;;;14;;;;;;;
726;;;14;;;;;;;
727;;;14;;;;;;;
728;;;14;;;;;;;
729;;;14;;;;;;;
730;;;14;;;;;;;
731;;;14;;;;;;;
732;;;14;;;;;;;
733;;;14;;;;;;;
734;;;14;;;;;;;
735;;;14;;;;;;;
736;;;14;;;;;;;
737;;;14;;;;;;;
738;;;14;;;;;;;
739;;;14;;;;;;;
740;;;14;;;;;;;
741;;;14;;;;;;;
742;;;14;;;;;;;
743;;;14;;;;;;;
744;;;14;;;;;;;
745;;;17;;;;;;;
746;;;17;;;;;;;
747;;;17;;;;;;;
748;;;17;;;;;;;
749;;;17;;;;;;;
750;;;18;;;;;;;
751;;;18;;;;;;;
752;;;18;;;;;;;
753;;;18;;;;;;;
754;;;18;;;;;;;
755;;;18;;;;;;;
756;;;18;;;;;;;
757;;;18;;;;;;;
758;;;18;;;;;;;
759;;;18;;;;;;;
760;;;18;;;;;;;
761;;;18;;;;;;;
762;;;18;;;;;;;
763;;;18;;;;;;;
764;;;18;;;;;;;
765;;;18;;;;;;;
766;;;18;;;;;;;
767;;;18;;;;;;;
768;;;18;;;;;;;
769;;;18;;;;;;;
770;;;18;;;;;;;
771;;;18;;;;;;;
772;;;24;;;;;;;
773;;;24;;;;;;;
774;;;24;;;;;;;
775;;;24;;;;;;;
776;;;24;;;;;;;
777;;;24;;;;;;;
778;;;24;;;;;;;
779;;;24;;;;;;;
780;;;24;;;;;;;
781;;;24;;;;;;;
782;;;24;;;;;;;
783;;;24;;;;;;;
784;;;24;;;;;;;
785;;;24;;;;;;;
786;;;24;;;;;;;
787;;;19;;;;;;;
788;;;19;;;;;;;
789;;;19;;;;;;;
790;;;19;;;;;;;
791;;;19;;;;;;;
792;;;19;;;;;;;
793;;;19;;;;;;;
794;;;19;;;;;;;
795;;;19;;;;;;;
796;;;19;;;;;;;
797;;;19;;;;;;;
798;;;19;;;;;;;
799;;;19;;;;;;;
800;;;19;;;;;;;
801;;;19;;;;;;;
802;;;19;;;;;;;
803;;;19;;;;;;;
804;;;19;;;;;;;
805;;;19;;;;;;;
806;;;19;;;;;;;
807;;;19;;;;;;;
808;;;19;;;;;;;
809;;;19;;;;;;;
810;;;19;;;;;;;
811;;;19;;;;;;;
812;;;19;;;;;;;
813;;;19;;;;;;;
814;;;19;;;;;;;
815;;;19;;;;;;;
816;;;19;;;;;;;
817;;;19;;;;;;;
818;;;19;;;;;;;
819;;;19;;;;;;;
820;;;19;;;;;;;
821;;;19;;;;;;;
822;;;19;;;;;;;
823;;;19;;;;;;;
824;;;19;;;;;;;
825;;;19;;;;;;;
826;;;19;;;;;;;
827;;;19;;;;;;;
828;;;19;;;;;;;
829;;;19;;;;;;;
830;;;19;;;;;;;
831;;;19;;;;;;;
832;;;19;;;;;;;
833;;;19;;;;;;;
834;;;19;;;;;;;
835;;;19;;;;;;;
836;;;19;;;;;;;
837;;;19;;;;;;;
838;;;19;;;;;;;
839;;;19;;;;;;;
840;;;19;;;;;;;
841;;;19;;;;;;;
842;;;19;;;;;;;
843;;;19;;;;;;;
844;;;19;;;;;;;
845;;;19;;;;;;;
846;;;19;;;;;;;
847;;;19;;;;;;;
848;;;19;;;;;;;
849;;;19;;;;;;;
850;;;19;;;;;;;
851;;;19;;;;;;;
852;;;19;;;;;;;
853;;;19;;;;;;;
854;;;19;;;;;;;
855;;;19;;;;;;;
856;;;19;;;;;;;
857;;;19;;;;;;;
858;;;19;;;;;;;
859;;;19;;;;;;;
860;;;19;;;;;;;
861;;;19;;;;;;;
862;;;19;;;;;;;
863;;;19;;;;;;;
864;;;19;;;;;;;
865;;;19;;;;;;;
866;;;19;;;;;;;
867;;;19;;;;;;;
868;;;19;;;;;;;
869;;;15;;;;;;;
870;;;15;;;;;;;
871;;;15;;;;;;;
872;;;15;;;;;;;
873;;;15;;;;;;;
874;;;15;;;;;;;
875;;;15;;;;;;;
876;;;15;;;;;;;
877;;;15;;;;;;;
878;;;15;;;;;;;
879;;;15;;;;;;;
880;;;15;;;;;;;
881;;;15;;;;;;;
882;;;15;;;;;;;
883;;;15;;;;;;;
884;;;15;;;;;;;
885;;;15;;;;;;;
886;;;15;;;;;;;
887;;;15;;;;;;;
888;;;15;;;;;;;
889;;;20;;;;;;;
890;;;20;;;;;;;
891;;;20;;;;;;;
892;;;20;;;;;;;
893;;;20;;;;;;;
894;;;20;;;;;;;
895;;;20;;;;;;;
896;;;20;;;;;;;
897;;;20;;;;;;;
898;;;20;;;;;;;
899;;;20;;;;;;;
900;;;20;;;;;;;
901;;;20;;;;;;;
902;;;20;;;;;;;
903;;;20;;;;;;;
904;;;20;;;;;;;
905;;;20;;;;;;;
906;;;20;;;;;;;
907;;;20;;;;;;;
908;;;20;;;;;;;
909;;;20;;;;;;;
910;;;20;;;;;;;
911;;;20;;;;;;;
912;;;20;;;;;;;
913;;;20;;;;;;;
914;;;20;;;;;;;
915;;;20;;;;;;;
916;;;5;;;;;;;
917;;;5;;;;;;;
918;;;5;;;;;;;
919;;;5;;;;;;;
920;;;5;;;;;;;
921;;;5;;;;;;;
922;;;5;;;;;;;
923;;;5;;;;;;;
924;;;5;;;;;;;
925;;;5;;;;;;;
926;;;5;;;;;;;
927;;;5;;;;;;;
928;;;5;;;;;;;
929;;;5;;;;;;;
930;;;5;;;;;;;
931;;;5;;;;;;;
932;;;5;;;;;;;
933;;;5;;;;;;;
934;;;5;;;;;;;
935;;;5;;;;;;;
936;;;5;;;;;;;
937;;;5;;;;;;;
938;;;5;;;;;;;
939;;;13;;;;;;;
940;;;13;;;;;;;
941;;;13;;;;;;;
942;;;13;;;;;;;
943;;;13;;;;;;;
944;;;13;;;;;;;
945;;;13;;;;;;;
946;;;13;;;;;;;
947;;;13;;;;;;;
948;;;13;;;;;;;
949;;;13;;;;;;;
950;;;13;;;;;;;
951;;;13;;;;;;;
952;;;13;;;;;;;
953;;;13;;;;;;;
954;;;13;;;;;;;
955;;;13;;;;;;;
956;;;13;;;;;;;
957;;;13;;;;;;;
958;;;13;;;;;;;
959;;;13;;;;;;;
960;;;13;;;;;;;
961;;;13;;;;;;;
962;;;13;;;;;;;
963;;;13;;;;;;;
964;;;13;;;;;;;
965;;;13;;;;;;;
966;;;13;;;;;;;
967;;;13;;;;;;;
968;;;13;;;;;;;
969;;;13;;;;;;;
970;;;13;;;;;;;
971;;;13;;;;;;;
972;;;13;;;;;;;
973;;;13;;;;;;;
974;;;13;;;;;;;
975;;;13;;;;;;;
976;;;13;;;;;;;
977;;;13;;;;;;;
978;;;13;;;;;;;
979;;;13;;;;;;;
980;;;13;;;;;;;
981;;;13;;;;;;;
982;;;13;;;;;;;
983;;;13;;;;;;;
984;;;13;;;;;;;
985;;;13;;;;;;;
986;;;13;;;;;;;
987;;;13;;;;;;;
988;;;13;;;;;;;
989;;;13;;;;;;;
990;;;13;;;;;;;
991;;;13;;;;;;;
992;;;13;;;;;;;
993;;;13;;;;;;;
994;;;13;;;;;;;
995;;;13;;;;;;;
996;;;13;;;;;;;
997;;;13;;;;;;;
998;;;13;;;;;;;
999;;;13;;;;;;;
1000;;;13;;;;;;;
1001;;;13;;;;;;;
1002;;;13;;;;;;;
1003;;;13;;;;;;;
1004;;;13;;;;;;;
1005;;;13;;;;;;;
1006;;;13;;;;;;;
1007;;;13;;;;;;;
1008;;;13;;;;;;;
1009;;;13;;;;;;;
1010;;;13;;;;;;;
1011;;;13;;;;;;;
1012;;;13;;;;;;;
1013;;;13;;;;;;;
1014;;;13;;;;;;;
1015;;;13;;;;;;;
1016;;;13;;;;;;;
1017;;;13;;;;;;;
1018;;;13;;;;;;;
1019;;;13;;;;;;;
1020;;;13;;;;;;;
1021;;;13;;;;;;;
1022;;;13;;;;;;;
1023;;;13;;;;;;;
1024;;;13;;;;;;;
1025;;;13;;;;;;;
1026;;;13;;;;;;;
1027;;;13;;;;;;;
1028;;;13;;;;;;;
1029;;;13;;;;;;;
1030;;;13;;;;;;;
1031;;;13;;;;;;;
1032;;;13;;;;;;;
1033;;;13;;;;;;;
1034;;;13;;;;;;;
1035;;;13;;;;;;;
1036;;;13;;;;;;;
1037;;;13;;;;;;;
1038;;;13;;;;;;;
1039;;;13;;;;;;;
1040;;;13;;;;;;;
1041;;;13;;;;;;;
1042;;;13;;;;;;;
1043;;;13;;;;;;;
1044;;;13;;;;;;;
1045;;;13;;;;;;;
1046;;;13;;;;;;;
1047;;;13;;;;;;;
1048;;;13;;;;;;;
1049;;;13;;;;;;;
1050;;;13;;;;;;;
1051;;;13;;;;;;;
1052;;;13;;;;;;;
1053;;;13;;;;;;;
1054;;;13;;;;;;;
1055;;;13;;;;;;;
1056;;;13;;;;;;;
1057;;;13;;;;;;;
1058;;;13;;;;;;;
1059;;;13;;;;;;;
1060;;;13;;;;;;;
1061;;;13;;;;;;;
1062;;;13;;;;;;;
1063;;;13;;;;;;;
1064;;;13;;;;;;;
1065;;;13;;;;;;;
1066;;;13;;;;;;;
1067;;;13;;;;;;;
1068;;;13;;;;;;;
1069;;;13;;;;;;;
1070;;;13;;;;;;;
1071;;;13;;;;;;;
1072;;;13;;;;;;;
1073;;;13;;;;;;;
1074;;;13;;;;;;;
1075;;;13;;;;;;;
1076;;;13;;;;;;;
1077;;;13;;;;;;;
1078;;;13;;;;;;;
1079;;;13;;;;;;;
1080;;;13;;;;;;;
1081;;;13;;;;;;;
1082;;;13;;;;;;;
1083;;;13;;;;;;;
1084;;;13;;;;;;;
1085;;;13;;;;;;;
1086;;;13;;;;;;;
1087;;;13;;;;;;;
1088;;;13;;;;;;;
1089;;;13;;;;;;;
1090;;;13;;;;;;;
1091;;;13;;;;;;;
1092;;;13;;;;;;;
1093;;;13;;;;;;;
1094;;;13;;;;;;;
1095;;;13;;;;;;;
1096;;;13;;;;;;;
1097;;;13;;;;;;;
1098;;;13;;;;;;;
1099;;;13;;;;;;;
1100;;;13;;;;;;;
1101;;;13;;;;;;;
1102;;;13;;;;;;;
1103;;;13;;;;;;;
1104;;;13;;;;;;;
1105;;;13;;;;;;;
1106;;;13;;;;;;;
1107;;;13;;;;;;;
1108;;;13;;;;;;;
1109;;;13;;;;;;;
1110;;;13;;;;;;;
1111;;;13;;;;;;;
1112;;;13;;;;;;;
1113;;;13;;;;;;;
1114;;;13;;;;;;;
1115;;;13;;;;;;;
1116;;;13;;;;;;;
1117;;;13;;;;;;;
1118;;;13;;;;;;;
1119;;;13;;;;;;;
1120;;;13;;;;;;;
1121;;;13;;;;;;;
1122;;;13;;;;;;;
1123;;;13;;;;;;;
1124;;;13;;;;;;;
1125;;;13;;;;;;;
1126;;;13;;;;;;;
1127;;;13;;;;;;;
1128;;;13;;;;;;;
1129;;;13;;;;;;;
1130;;;13;;;;;;;
1131;;;13;;;;;;;
1132;;;13;;;;;;;
1133;;;13;;;;;;;
1134;;;13;;;;;;;
1135;;;13;;;;;;;
1136;;;13;;;;;;;
1137;;;13;;;;;;;
1138;;;13;;;;;;;
1139;;;13;;;;;;;
1140;;;13;;;;;;;
1141;;;13;;;;;;;
1142;;;13;;;;;;;
1143;;;13;;;;;;;
1144;;;13;;;;;;;
1145;;;13;;;;;;;
1146;;;13;;;;;;;
1147;;;13;;;;;;;
1148;;;13;;;;;;;
1149;;;13;;;;;;;
1150;;;13;;;;;;;
1151;;;13;;;;;;;
1152;;;13;;;;;;;
1153;;;13;;;;;;;
1154;;;13;;;;;;;
1155;;;13;;;;;;;
1156;;;13;;;;;;;
1157;;;13;;;;;;;
1158;;;13;;;;;;;
1159;;;13;;;;;;;
1160;;;13;;;;;;;
1161;;;13;;;;;;;
1162;;;13;;;;;;;
1163;;;13;;;;;;;
1164;;;13;;;;;;;
1165;;;13;;;;;;;
1166;;;13;;;;;;;
1167;;;13;;;;;;;
1168;;;13;;;;;;;
1169;;;11;;;;;;;
1170;;;11;;;;;;;
1171;;;11;;;;;;;
1172;;;11;;;;;;;
1173;;;11;;;;;;;
1174;;;11;;;;;;;
1175;;;11;;;;;;;
1176;;;11;;;;;;;
1177;;;11;;;;;;;
1178;;;11;;;;;;;
1179;;;11;;;;;;;
1180;;;11;;;;;;;
1181;;;11;;;;;;;
1182;;;11;;;;;;;
1183;;;11;;;;;;;
1184;;;11;;;;;;;
1185;;;11;;;;;;;
1186;;;11;;;;;;;
1187;;;11;;;;;;;
1188;;;11;;;;;;;
1189;;;11;;;;;;;
1190;;;11;;;;;;;
1191;;;1;;;;;;;
1192;;;1;;;;;;;
1193;;;1;;;;;;;
1194;;;1;;;;;;;
1195;;;1;;;;;;;
1196;;;1;;;;;;;
1197;;;1;;;;;;;
1198;;;1;;;;;;;
1199;;;1;;;;;;;
1200;;;1;;;;;;;
1201;;;1;;;;;;;
1202;;;1;;;;;;;
1203;;;1;;;;;;;
1204;;;1;;;;;;;
1205;;;1;;;;;;;
1206;;;1;;;;;;;
1207;;;1;;;;;;;
1208;;;1;;;;;;;
1209;;;1;;;;;;;
1210;;;26;;;;;;;
1211;;;26;;;;;;;
1212;;;26;;;;;;;
1213;;;26;;;;;;;
1214;;;26;;;;;;;
1215;;;26;;;;;;;
1216;;;26;;;;;;;
1217;;;26;;;;;;;
1218;;;26;;;;;;;
1219;;;26;;;;;;;
1220;;;26;;;;;;;
1221;;;26;;;;;;;
1222;;;26;;;;;;;
1223;;;26;;;;;;;
1224;;;26;;;;;;;
1225;;;26;;;;;;;
1226;;;26;;;;;;;
1227;;;26;;;;;;;
1228;;;26;;;;;;;
1229;;;26;;;;;;;
1230;;;26;;;;;;;
1231;;;26;;;;;;;
1232;;;26;;;;;;;
1233;;;26;;;;;;;
1234;;;26;;;;;;;
1235;;;26;;;;;;;
1236;;;26;;;;;;;
1237;;;33;;;;;;;
1238;;;33;;;;;;;
1239;;;33;;;;;;;
1240;;;33;;;;;;;
1241;;;33;;;;;;;
1242;;;33;;;;;;;
1243;;;33;;;;;;;
1244;;;33;;;;;;;
1245;;;33;;;;;;;
1246;;;33;;;;;;;
1247;;;33;;;;;;;
1248;;;33;;;;;;;
1249;;;33;;;;;;;
1250;;;33;;;;;;;
1251;;;33;;;;;;;
1252;;;33;;;;;;;
1253;;;33;;;;;;;
1254;;;33;;;;;;;
1255;;;33;;;;;;;
1256;;;33;;;;;;;
1257;;;33;;;;;;;
1258;;;33;;;;;;;
1259;;;33;;;;;;;
1260;;;35;;;;;;;
1261;;;28;;;;;;;
1262;;;28;;;;;;;
1263;;;28;;;;;;;
1264;;;28;;;;;;;
1265;;;28;;;;;;;
1266;;;28;;;;;;;
1267;;;28;;;;;;;
1268;;;28;;;;;;;
1269;;;28;;;;;;;
1270;;;28;;;;;;;
1271;;;28;;;;;;;
1272;;;28;;;;;;;
1273;;;28;;;;;;;
1274;;;28;;;;;;;
1275;;;28;;;;;;;
1276;;;28;;;;;;;
1277;;;29;;;;;;;
1278;;;29;;;;;;;
1279;;;29;;;;;;;
1280;;;29;;;;;;;
1281;;;29;;;;;;;
1282;;;29;;;;;;;
1283;;;29;;;;;;;
1284;;;29;;;;;;;
1285;;;29;;;;;;;
1286;;;29;;;;;;;
1287;;;29;;;;;;;
1288;;;29;;;;;;;
1289;;;29;;;;;;;
1290;;;29;;;;;;;
1291;;;29;;;;;;;
1292;;;29;;;;;;;
1293;;;29;;;;;;;
1294;;;29;;;;;;;
1295;;;29;;;;;;;
1296;;;29;;;;;;;
1297;;;29;;;;;;;
1298;;;29;;;;;;;
1299;;;29;;;;;;;
1300;;;29;;;;;;;
1301;;;29;;;;;;;
1302;;;29;;;;;;;
1303;;;29;;;;;;;
1304;;;25;;;;;;;
1305;;;25;;;;;;;
1306;;;25;;;;;;;
1307;;;25;;;;;;;
1308;;;25;;;;;;;
1309;;;25;;;;;;;
1310;;;25;;;;;;;
1311;;;25;;;;;;;
1312;;;25;;;;;;;
1313;;;25;;;;;;;
1314;;;25;;;;;;;
1315;;;25;;;;;;;
1316;;;25;;;;;;;
1317;;;25;;;;;;;
1318;;;25;;;;;;;
1319;;;25;;;;;;;
1320;;;25;;;;;;;
1321;;;25;;;;;;;
1322;;;25;;;;;;;
1323;;;25;;;;;;;
1324;;;25;;;;;;;
1325;;;25;;;;;;;
1326;;;25;;;;;;;
1327;;;25;;;;;;;
1328;;;25;;;;;;;
1329;;;25;;;;;;;
1330;;;25;;;;;;;
1331;;;25;;;;;;;
1332;;;25;;;;;;;
1333;;;25;;;;;;;
1334;;;25;;;;;;;
1335;;;25;;;;;;;
1336;;;25;;;;;;;
1337;;;25;;;;;;;
1338;;;25;;;;;;;
1339;;;25;;;;;;;
1340;;;25;;;;;;;
1341;;;25;;;;;;;
1342;;;25;;;;;;;
1343;;;34;;;;;;;
1344;;;34;;;;;;;
1345;;;34;;;;;;;
1346;;;34;;;;;;;
1347;;;36;;;;;;;
1348;;;36;;;;;;;
1349;;;36;;;;;;;
1350;;;36;;;;;;;
1351;;;36;;;;;;;
1352;;;36;;;;;;;
1353;;;36;;;;;;;
1354;;;36;;;;;;;
1355;;;32;;;;;;;
1356;;;32;;;;;;;
1357;;;32;;;;;;;
1358;;;32;;;;;;;
1359;;;32;;;;;;;
1360;;;32;;;;;;;
1361;;;32;;;;;;;
1362;;;32;;;;;;;
1363;;;32;;;;;;;
1364;;;32;;;;;;;
1365;;;32;;;;;;;
1366;;;32;;;;;;;
1367;;;32;;;;;;;
1368;;;32;;;;;;;
1369;;;32;;;;;;;
1370;;;32;;;;;;;
1371;;;31;;;;;;;
1372;;;31;;;;;;;
1373;;;31;;;;;;;
1374;;;31;;;;;;;
1375;;;31;;;;;;;
1376;;;31;;;;;;;
1377;;;31;;;;;;;
1378;;;31;;;;;;;
1379;;;31;;;;;;;
1380;;;31;;;;;;;
1381;;;31;;;;;;;
1382;;;31;;;;;;;
1383;;;31;;;;;;;
1384;;;31;;;;;;;
1385;;;31;;;;;;;
1386;;;31;;;;;;;
1387;;;31;;;;;;;
1388;;;31;;;;;;;
1389;;;31;;;;;;;
1390;;;31;;;;;;;
1391;;;31;;;;;;;
1392;;;31;;;;;;;
1393;;;31;;;;;;;
1394;;;31;;;;;;;
1395;;;31;;;;;;;
1396;;;31;;;;;;;
1397;;;31;;;;;;;
1398;;;31;;;;;;;
1399;;;31;;;;;;;
1400;;;31;;;;;;;
1401;;;31;;;;;;;
1402;;;31;;;;;;;
1403;;;31;;;;;;;
1404;;;31;;;;;;;
1405;;;31;;;;;;;
1406;;;31;;;;;;;
1407;;;31;;;;;;;
1408;;;31;;;;;;;
1409;;;31;;;;;;;
1410;;;31;;;;;;;
1411;;;31;;;;;;;
1412;;;31;;;;;;;
1413;;;31;;;;;;;
1414;;;31;;;;;;;
1415;;;31;;;;;;;
1416;;;31;;;;;;;
1417;;;31;;;;;;;
1418;;;31;;;;;;;
1419;;;31;;;;;;;
1420;;;31;;;;;;;
1421;;;31;;;;;;;
1422;;;31;;;;;;;
1423;;;31;;;;;;;
1424;;;31;;;;;;;
1425;;;31;;;;;;;
1426;;;31;;;;;;;
1427;;;31;;;;;;;
1428;;;31;;;;;;;
1429;;;31;;;;;;;
1430;;;31;;;;;;;
1431;;;31;;;;;;;
1432;;;31;;;;;;;
1433;;;31;;;;;;;
1434;;;31;;;;;;;
1435;;;31;;;;;;;
1436;;;31;;;;;;;
1437;;;31;;;;;;;
1438;;;31;;;;;;;
1439;;;31;;;;;;;
1440;;;31;;;;;;;
1441;;;31;;;;;;;
1442;;;31;;;;;;;
1443;;;31;;;;;;;
1444;;;31;;;;;;;
1445;;;31;;;;;;;
1446;;;31;;;;;;;
1447;;;31;;;;;;;
1448;;;31;;;;;;;
1449;;;31;;;;;;;
1450;;;31;;;;;;;
1451;;;31;;;;;;;
1452;;;31;;;;;;;
1453;;;31;;;;;;;
1454;;;31;;;;;;;
1455;;;31;;;;;;;
1456;;;31;;;;;;;
1457;;;31;;;;;;;
1458;;;31;;;;;;;
1459;;;31;;;;;;;
1460;;;31;;;;;;;
1461;;;31;;;;;;;
1462;;;31;;;;;;;
1463;;;31;;;;;;;
1464;;;31;;;;;;;
1465;;;31;;;;;;;
1466;;;31;;;;;;;
1467;;;31;;;;;;;
1468;;;31;;;;;;;
1469;;;31;;;;;;;
1470;;;31;;;;;;;
1471;;;31;;;;;;;
1472;;;31;;;;;;;
1473;;;31;;;;;;;
1474;;;31;;;;;;;
1475;;;31;;;;;;;
1476;;;31;;;;;;;
1477;;;31;;;;;;;
1478;;;31;;;;;;;
1479;;;31;;;;;;;
1480;;;31;;;;;;;
1481;;;31;;;;;;;
1482;;;31;;;;;;;
1483;;;31;;;;;;;
1484;;;31;;;;;;;
1485;;;31;;;;;;;
1486;;;31;;;;;;;
1487;;;31;;;;;;;
1488;;;31;;;;;;;
1489;;;31;;;;;;;
1490;;;31;;;;;;;
1491;;;31;;;;;;;
1492;;;31;;;;;;;
1493;;;31;;;;;;;
1494;;;31;;;;;;;
1495;;;31;;;;;;;
1496;;;31;;;;;;;
1497;;;30;;;;;;;
1498;;;30;;;;;;;
1499;;;30;;;;;;;
1500;;;30;;;;;;;
1501;;;30;;;;;;;
1502;;;30;;;;;;;
1503;;;30;;;;;;;
1504;;;30;;;;;;;
1505;;;30;;;;;;;
1506;;;30;;;;;;;
1507;;;30;;;;;;;
1508;;;30;;;;;;;
1509;;;30;;;;;;;
1510;;;30;;;;;;;
1511;;;30;;;;;;;
1512;;;30;;;;;;;
1513;;;30;;;;;;;
1514;;;30;;;;;;;
1515;;;30;;;;;;;
1516;;;30;;;;;;;
1517;;;30;;;;;;;
1518;;;30;;;;;;;
1519;;;30;;;;;;;
1520;;;30;;;;;;;
1521;;;30;;;;;;;
1522;;;30;;;;;;;
1523;;;30;;;;;;;
1524;;;30;;;;;;;
1525;;;30;;;;;;;
1526;;;30;;;;;;;
1527;;;30;;;;;;;
1528;;;30;;;;;;;
1529;;;30;;;;;;;
1530;;;30;;;;;;;
1531;;;30;;;;;;;
1532;;;30;;;;;;;
1533;;;30;;;;;;;
1534;;;30;;;;;;;
1535;;;30;;;;;;;
1536;;;30;;;;;;;
1537;;;30;;;;;;;
1538;;;30;;;;;;;
1539;;;30;;;;;;;
1540;;;30;;;;;;;
1541;;;30;;;;;;;
1542;;;30;;;;;;;
1543;;;30;;;;;;;
1544;;;30;;;;;;;
1545;;;30;;;;;;;
1546;;;30;;;;;;;
1547;;;30;;;;;;;
1548;;;30;;;;;;;
1549;;;30;;;;;;;
1550;;;30;;;;;;;
1551;;;30;;;;;;;
1552;;;30;;;;;;;
1553;;;30;;;;;;;
1554;;;30;;;;;;;
1555;;;30;;;;;;;
1556;;;30;;;;;;;
1557;;;30;;;;;;;
1558;;;30;;;;;;;
1559;;;30;;;;;;;
1560;;;30;;;;;;;
1561;;;30;;;;;;;
1562;;;30;;;;;;;
1563;;;30;;;;;;;
1564;;;30;;;;;;;
1565;;;30;;;;;;;
1566;;;30;;;;;;;
1567;;;30;;;;;;;
1568;;;30;;;;;;;
1569;;;30;;;;;;;
1570;;;30;;;;;;;
1571;;;30;;;;;;;
1572;;;30;;;;;;;
1573;;;30;;;;;;;
1574;;;30;;;;;;;
1575;;;30;;;;;;;
1576;;;30;;;;;;;
1577;;;30;;;;;;;
1578;;;30;;;;;;;
1579;;;30;;;;;;;
1580;;;30;;;;;;;
1581;;;30;;;;;;;
1582;;;30;;;;;;;
1583;;;30;;;;;;;
1584;;;30;;;;;;;
1585;;;30;;;;;;;
1586;;;30;;;;;;;
1587;;;30;;;;;;;
1588;;;30;;;;;;;
1589;;;30;;;;;;;
1590;;;30;;;;;;;
1591;;;30;;;;;;;
1592;;;30;;;;;;;
1593;;;30;;;;;;;
1594;;;30;;;;;;;
1595;;;30;;;;;;;
1596;;;30;;;;;;;
1597;;;30;;;;;;;
1598;;;30;;;;;;;
1599;;;30;;;;;;;
1600;;;30;;;;;;;
1601;;;30;;;;;;;
1602;;;30;;;;;;;
1603;;;30;;;;;;;
1604;;;30;;;;;;;
1605;;;30;;;;;;;
1606;;;30;;;;;;;
1607;;;30;;;;;;;
1608;;;30;;;;;;;
1609;;;30;;;;;;;
1610;;;30;;;;;;;
1611;;;30;;;;;;;
1612;;;30;;;;;;;
1613;;;30;;;;;;;
1614;;;27;;;;;;;
1615;;;27;;;;;;;
1616;;;27;;;;;;;
1617;;;27;;;;;;;
1618;;;27;;;;;;;
1619;;;27;;;;;;;
1620;;;27;;;;;;;
1621;;;27;;;;;;;
1622;;;27;;;;;;;
1623;;;27;;;;;;;
1624;;;27;;;;;;;
1625;;;27;;;;;;;
1626;;;27;;;;;;;
1627;;;27;;;;;;;
1628;;;27;;;;;;;
1629;;;27;;;;;;;
1630;;;27;;;;;;;
1631;;;27;;;;;;;
1632;;;27;;;;;;;
1633;;;43;;;;;;;
1634;;;43;;;;;;;
1635;;;43;;;;;;;
1636;;;43;;;;;;;
1637;;;43;;;;;;;
1638;;;43;;;;;;;
1639;;;43;;;;;;;
1640;;;43;;;;;;;
1641;;;43;;;;;;;
1642;;;43;;;;;;;
1643;;;43;;;;;;;
1644;;;43;;;;;;;
1645;;;43;;;;;;;
1646;;;43;;;;;;;
1647;;;43;;;;;;;
1648;;;43;;;;;;;
1649;;;43;;;;;;;
1650;;;43;;;;;;;
1651;;;43;;;;;;;
1652;;;43;;;;;;;
1653;;;43;;;;;;;
1654;;;43;;;;;;;
1655;;;43;;;;;;;
1656;;;43;;;;;;;
1657;;;43;;;;;;;
1658;;;43;;;;;;;
1659;;;43;;;;;;;
1660;;;43;;;;;;;
1661;;;43;;;;;;;
1662;;;43;;;;;;;
1663;;;43;;;;;;;
1664;;;43;;;;;;;
1665;;;43;;;;;;;
1666;;;43;;;;;;;
1667;;;43;;;;;;;
1668;;;43;;;;;;;
1669;;;43;;;;;;;
1670;;;43;;;;;;;
1671;;;43;;;;;;;
1672;;;43;;;;;;;
1673;;;43;;;;;;;
1674;;;43;;;;;;;
1675;;;43;;;;;;;
1676;;;43;;;;;;;
1677;;;43;;;;;;;
1678;;;43;;;;;;;
1679;;;43;;;;;;;
1680;;;43;;;;;;;
1681;;;43;;;;;;;
1682;;;43;;;;;;;
1683;;;43;;;;;;;
1684;;;43;;;;;;;
1685;;;43;;;;;;;
1686;;;43;;;;;;;
1687;;;43;;;;;;;
1688;;;43;;;;;;;
1689;;;43;;;;;;;
1690;;;43;;;;;;;
1691;;;43;;;;;;;
1692;;;43;;;;;;;
1693;;;43;;;;;;;
1694;;;43;;;;;;;
1695;;;43;;;;;;;
1696;;;43;;;;;;;
1697;;;43;;;;;;;
1698;;;43;;;;;;;
1699;;;43;;;;;;;
1700;;;43;;;;;;;
1701;;;43;;;;;;;
1702;;;43;;;;;;;
1703;;;43;;;;;;;
1704;;;43;;;;;;;
1705;;;43;;;;;;;
1706;;;43;;;;;;;
1707;;;43;;;;;;;
1708;;;43;;;;;;;
1709;;;43;;;;;;;
1710;;;43;;;;;;;
1711;;;43;;;;;;;
1712;;;43;;;;;;;
1713;;;43;;;;;;;
1714;;;43;;;;;;;
1715;;;43;;;;;;;
1716;;;43;;;;;;;
1717;;;43;;;;;;;
1718;;;43;;;;;;;
1719;;;43;;;;;;;
1720;;;43;;;;;;;
1721;;;43;;;;;;;
1722;;;43;;;;;;;
1723;;;43;;;;;;;
1724;;;43;;;;;;;
1725;;;43;;;;;;;
1726;;;43;;;;;;;
1727;;;43;;;;;;;
1728;;;43;;;;;;;
1729;;;43;;;;;;;
1730;;;43;;;;;;;
1731;;;43;;;;;;;
1732;;;43;;;;;;;
1733;;;43;;;;;;;
1734;;;43;;;;;;;
1735;;;43;;;;;;;
1736;;;43;;;;;;;
1737;;;43;;;;;;;
1738;;;43;;;;;;;
1739;;;43;;;;;;;
1740;;;43;;;;;;;
1741;;;43;;;;;;;
1742;;;43;;;;;;;
1743;;;43;;;;;;;
1744;;;43;;;;;;;
1745;;;43;;;;;;;
1746;;;43;;;;;;;
1747;;;43;;;;;;;
1748;;;43;;;;;;;
1749;;;43;;;;;;;
1750;;;43;;;;;;;
1751;;;43;;;;;;;
1752;;;43;;;;;;;
1753;;;43;;;;;;;
1754;;;43;;;;;;;
1755;;;43;;;;;;;
1756;;;43;;;;;;;
1757;;;43;;;;;;;
1758;;;43;;;;;;;
1759;;;43;;;;;;;
1760;;;43;;;;;;;
1761;;;43;;;;;;;
1762;;;43;;;;;;;
1763;;;43;;;;;;;
1764;;;43;;;;;;;
1765;;;43;;;;;;;
1766;;;43;;;;;;;
1767;;;43;;;;;;;
1768;;;43;;;;;;;
1769;;;43;;;;;;;
1770;;;43;;;;;;;
1771;;;43;;;;;;;
1772;;;43;;;;;;;
1773;;;43;;;;;;;
1774;;;43;;;;;;;
1775;;;43;;;;;;;
1776;;;43;;;;;;;
1777;;;43;;;;;;;
1778;;;43;;;;;;;
1779;;;43;;;;;;;
1780;;;43;;;;;;;
1781;;;43;;;;;;;
1782;;;43;;;;;;;
1783;;;43;;;;;;;
1784;;;43;;;;;;;
1785;;;43;;;;;;;
1786;;;43;;;;;;;
1787;;;43;;;;;;;
1788;;;43;;;;;;;
1789;;;43;;;;;;;
1790;;;43;;;;;;;
1791;;;43;;;;;;;
1792;;;43;;;;;;;
1793;;;43;;;;;;;
1794;;;43;;;;;;;
1795;;;43;;;;;;;
1796;;;43;;;;;;;
1797;;;43;;;;;;;
1798;;;43;;;;;;;
1799;;;43;;;;;;;
1800;;;43;;;;;;;
1801;;;43;;;;;;;
1802;;;43;;;;;;;
1803;;;43;;;;;;;
1804;;;43;;;;;;;
1805;;;43;;;;;;;
1806;;;43;;;;;;;
1807;;;43;;;;;;;
1808;;;43;;;;;;;
1809;;;43;;;;;;;
1810;;;43;;;;;;;
1811;;;43;;;;;;;
1812;;;43;;;;;;;
1813;;;43;;;;;;;
1814;;;43;;;;;;;
1815;;;43;;;;;;;
1816;;;43;;;;;;;
1817;;;43;;;;;;;
1818;;;43;;;;;;;
1819;;;43;;;;;;;
1820;;;43;;;;;;;
1821;;;43;;;;;;;
1822;;;43;;;;;;;
1823;;;43;;;;;;;
1824;;;43;;;;;;;
1825;;;43;;;;;;;
1826;;;43;;;;;;;
1827;;;43;;;;;;;
1828;;;43;;;;;;;
1829;;;43;;;;;;;
1830;;;43;;;;;;;
1831;;;43;;;;;;;
1832;;;43;;;;;;;
1833;;;43;;;;;;;
1834;;;43;;;;;;;
1835;;;43;;;;;;;
1836;;;43;;;;;;;
1837;;;43;;;;;;;
1838;;;43;;;;;;;
1839;;;43;;;;;;;
1840;;;43;;;;;;;
1841;;;43;;;;;;;
1842;;;43;;;;;;;
1843;;;43;;;;;;;
1844;;;43;;;;;;;
1845;;;43;;;;;;;
1846;;;43;;;;;;;
1847;;;43;;;;;;;
1848;;;43;;;;;;;
1849;;;43;;;;;;;
1850;;;43;;;;;;;
1851;;;43;;;;;;;
1852;;;43;;;;;;;
1853;;;43;;;;;;;
1854;;;43;;;;;;;
1855;;;43;;;;;;;
1856;;;43;;;;;;;
1857;;;43;;;;;;;
1858;;;43;;;;;;;
1859;;;43;;;;;;;
1860;;;43;;;;;;;
1861;;;43;;;;;;;
1862;;;43;;;;;;;
1863;;;43;;;;;;;
1864;;;43;;;;;;;
1865;;;43;;;;;;;
1866;;;43;;;;;;;
1867;;;43;;;;;;;
1868;;;43;;;;;;;
1869;;;43;;;;;;;
1870;;;43;;;;;;;
1871;;;43;;;;;;;
1872;;;43;;;;;;;
1873;;;43;;;;;;;
1874;;;43;;;;;;;
1875;;;43;;;;;;;
1876;;;43;;;;;;;
1877;;;43;;;;;;;
1878;;;43;;;;;;;
1879;;;43;;;;;;;
1880;;;43;;;;;;;
1881;;;43;;;;;;;
1882;;;43;;;;;;;
1883;;;43;;;;;;;
1884;;;43;;;;;;;
1885;;;43;;;;;;;
1886;;;43;;;;;;;
1887;;;43;;;;;;;
1888;;;43;;;;;;;
1889;;;43;;;;;;;
1890;;;43;;;;;;;
1891;;;43;;;;;;;
1892;;;43;;;;;;;
1893;;;43;;;;;;;
1894;;;43;;;;;;;
1895;;;43;;;;;;;
1896;;;43;;;;;;;
1897;;;43;;;;;;;
1898;;;43;;;;;;;
1899;;;43;;;;;;;
1900;;;43;;;;;;;
1901;;;43;;;;;;;
1902;;;43;;;;;;;
1903;;;43;;;;;;;
1904;;;43;;;;;;;
1905;;;43;;;;;;;
1906;;;43;;;;;;;
1907;;;43;;;;;;;
1908;;;43;;;;;;;
1909;;;43;;;;;;;
1910;;;43;;;;;;;
1911;;;43;;;;;;;
1912;;;43;;;;;;;
1913;;;43;;;;;;;
1914;;;43;;;;;;;
1915;;;43;;;;;;;
1916;;;43;;;;;;;
1917;;;43;;;;;;;
1918;;;43;;;;;;;
1919;;;43;;;;;;;
1920;;;43;;;;;;;
1921;;;43;;;;;;;
1922;;;43;;;;;;;
1923;;;43;;;;;;;
1924;;;43;;;;;;;
1925;;;43;;;;;;;
1926;;;43;;;;;;;
1927;;;43;;;;;;;
1928;;;43;;;;;;;
1929;;;43;;;;;;;
1930;;;43;;;;;;;
1931;;;43;;;;;;;
1932;;;43;;;;;;;
1933;;;43;;;;;;;
1934;;;43;;;;;;;
1935;;;43;;;;;;;
1936;;;43;;;;;;;
1937;;;43;;;;;;;
1938;;;43;;;;;;;
1939;;;43;;;;;;;
1940;;;43;;;;;;;
1941;;;43;;;;;;;
1942;;;43;;;;;;;
1943;;;43;;;;;;;
1944;;;43;;;;;;;
1945;;;43;;;;;;;
1946;;;43;;;;;;;
1947;;;43;;;;;;;
1948;;;43;;;;;;;
1949;;;43;;;;;;;
1950;;;43;;;;;;;
1951;;;43;;;;;;;
1952;;;43;;;;;;;
1953;;;43;;;;;;;
1954;;;43;;;;;;;
1955;;;43;;;;;;;
1956;;;43;;;;;;;
1957;;;43;;;;;;;
1958;;;43;;;;;;;
1959;;;43;;;;;;;
1960;;;43;;;;;;;
1961;;;43;;;;;;;
1962;;;43;;;;;;;
1963;;;43;;;;;;;
1964;;;43;;;;;;;
1965;;;43;;;;;;;
1966;;;43;;;;;;;
1967;;;43;;;;;;;
1968;;;43;;;;;;;
1969;;;43;;;;;;;
1970;;;43;;;;;;;
1971;;;43;;;;;;;
1972;;;43;;;;;;;
1973;;;43;;;;;;;
1974;;;43;;;;;;;
1975;;;43;;;;;;;
1976;;;43;;;;;;;
1977;;;43;;;;;;;
1978;;;43;;;;;;;
1979;;;43;;;;;;;
1980;;;43;;;;;;;
1981;;;43;;;;;;;
1982;;;43;;;;;;;
1983;;;43;;;;;;;
1984;;;43;;;;;;;
1985;;;43;;;;;;;
1986;;;43;;;;;;;
1987;;;43;;;;;;;
1988;;;43;;;;;;;
1989;;;43;;;;;;;
1990;;;43;;;;;;;
1991;;;43;;;;;;;
1992;;;43;;;;;;;
1993;;;43;;;;;;;
1994;;;43;;;;;;;
1995;;;43;;;;;;;
1996;;;43;;;;;;;
1997;;;43;;;;;;;
1998;;;43;;;;;;;
1999;;;43;;;;;;;
2000;;;43;;;;;;;
2001;;;43;;;;;;;
2002;;;43;;;;;;;
2003;;;43;;;;;;;
2004;;;43;;;;;;;
2005;;;43;;;;;;;
2006;;;43;;;;;;;
2007;;;43;;;;;;;
2008;;;43;;;;;;;
2009;;;43;;;;;;;
2010;;;43;;;;;;;
2011;;;43;;;;;;;
2012;;;43;;;;;;;
2013;;;43;;;;;;;
2014;;;43;;;;;;;
2015;;;43;;;;;;;
2016;;;43;;;;;;;
2017;;;43;;;;;;;
2018;;;43;;;;;;;
2019;;;43;;;;;;;
2020;;;43;;;;;;;
2021;;;43;;;;;;;
2022;;;40;;;;;;;
2023;;;40;;;;;;;
2024;;;40;;;;;;;
2025;;;40;;;;;;;
2026;;;40;;;;;;;
2027;;;40;;;;;;;
2028;;;40;;;;;;;
2029;;;40;;;;;;;
2030;;;40;;;;;;;
2031;;;40;;;;;;;
2032;;;40;;;;;;;
2033;;;39;;;;;;;
2034;;;39;;;;;;;
2035;;;39;;;;;;;
2036;;;39;;;;;;;
2037;;;39;;;;;;;
2038;;;44;;;;;;;
2039;;;44;;;;;;;
2040;;;41;;;;;;;
2041;;;41;;;;;;;
2042;;;41;;;;;;;
2043;;;41;;;;;;;
2044;;;41;;;;;;;
2045;;;41;;;;;;;
2046;;;41;;;;;;;
2047;;;41;;;;;;;
2048;;;41;;;;;;;
2049;;;41;;;;;;;
2050;;;41;;;;;;;
2051;;;41;;;;;;;
2052;;;41;;;;;;;
2053;;;41;;;;;;;
2054;;;41;;;;;;;
2055;;;41;;;;;;;
2056;;;41;;;;;;;
2057;;;41;;;;;;;
2058;;;41;;;;;;;
2059;;;41;;;;;;;
2060;;;41;;;;;;;
2061;;;41;;;;;;;
2062;;;41;;;;;;;
2063;;;41;;;;;;;
2064;;;41;;;;;;;
2065;;;41;;;;;;;
2066;;;41;;;;;;;
2067;;;41;;;;;;;
2068;;;41;;;;;;;
2069;;;41;;;;;;;
2070;;;41;;;;;;;
2071;;;41;;;;;;;
2072;;;41;;;;;;;
2073;;;41;;;;;;;
2074;;;41;;;;;;;
2075;;;41;;;;;;;
2076;;;41;;;;;;;
2077;;;41;;;;;;;
2078;;;41;;;;;;;
2079;;;41;;;;;;;
2080;;;41;;;;;;;
2081;;;41;;;;;;;
2082;;;41;;;;;;;
2083;;;41;;;;;;;
2084;;;41;;;;;;;
2085;;;41;;;;;;;
2086;;;41;;;;;;;
2087;;;41;;;;;;;
2088;;;46;;;;;;;
2089;;;46;;;;;;;
2090;;;46;;;;;;;
2091;;;46;;;;;;;
2092;;;46;;;;;;;
2093;;;46;;;;;;;
2094;;;46;;;;;;;
2095;;;46;;;;;;;
2096;;;46;;;;;;;
2097;;;46;;;;;;;
2098;;;46;;;;;;;
2099;;;46;;;;;;;
2100;;;46;;;;;;;
2101;;;46;;;;;;;
2102;;;46;;;;;;;
2103;;;46;;;;;;;
2104;;;46;;;;;;;
2105;;;46;;;;;;;
2106;;;46;;;;;;;
2107;;;46;;;;;;;
2108;;;46;;;;;;;
2109;;;46;;;;;;;
2110;;;46;;;;;;;
2111;;;46;;;;;;;
2112;;;46;;;;;;;
2113;;;46;;;;;;;
2114;;;46;;;;;;;
2115;;;46;;;;;;;
2116;;;46;;;;;;;
2117;;;46;;;;;;;
2118;;;46;;;;;;;
2119;;;46;;;;;;;
2120;;;46;;;;;;;
2121;;;46;;;;;;;
2122;;;46;;;;;;;
2123;;;46;;;;;;;
2124;;;46;;;;;;;
2125;;;46;;;;;;;
2126;;;46;;;;;;;
2127;;;46;;;;;;;
2128;;;46;;;;;;;
2129;;;46;;;;;;;
2130;;;46;;;;;;;
2131;;;46;;;;;;;
2132;;;46;;;;;;;
2133;;;46;;;;;;;
2134;;;46;;;;;;;
2135;;;46;;;;;;;
2136;;;46;;;;;;;
2137;;;46;;;;;;;
2138;;;46;;;;;;;
2139;;;46;;;;;;;
2140;;;46;;;;;;;
2141;;;46;;;;;;;
2142;;;46;;;;;;;
2143;;;46;;;;;;;
2144;;;46;;;;;;;
2145;;;46;;;;;;;
2146;;;46;;;;;;;
2147;;;46;;;;;;;
2148;;;46;;;;;;;
2149;;;46;;;;;;;
2150;;;46;;;;;;;
2151;;;46;;;;;;;
2152;;;46;;;;;;;
2153;;;46;;;;;;;
2154;;;46;;;;;;;
2155;;;46;;;;;;;
2156;;;46;;;;;;;
2157;;;46;;;;;;;
2158;;;46;;;;;;;
2159;;;46;;;;;;;
2160;;;46;;;;;;;
2161;;;46;;;;;;;
2162;;;46;;;;;;;
2163;;;46;;;;;;;
2164;;;46;;;;;;;
2165;;;46;;;;;;;
2166;;;46;;;;;;;
2167;;;46;;;;;;;
2168;;;46;;;;;;;
2169;;;46;;;;;;;
2170;;;46;;;;;;;
2171;;;46;;;;;;;
2172;;;46;;;;;;;
2173;;;46;;;;;;;
2174;;;46;;;;;;;
2175;;;46;;;;;;;
2176;;;46;;;;;;;
2177;;;46;;;;;;;
2178;;;46;;;;;;;
2179;;;46;;;;;;;
2180;;;46;;;;;;;
2181;;;46;;;;;;;
2182;;;46;;;;;;;
2183;;;46;;;;;;;
2184;;;46;;;;;;;
2185;;;46;;;;;;;
2186;;;46;;;;;;;
2187;;;46;;;;;;;
2188;;;46;;;;;;;
2189;;;46;;;;;;;
2190;;;46;;;;;;;
2191;;;46;;;;;;;
2192;;;46;;;;;;;
2193;;;46;;;;;;;
2194;;;46;;;;;;;
2195;;;46;;;;;;;
2196;;;46;;;;;;;
2197;;;46;;;;;;;
2198;;;46;;;;;;;
2199;;;46;;;;;;;
2200;;;46;;;;;;;
2201;;;46;;;;;;;
2202;;;46;;;;;;;
2203;;;46;;;;;;;
2204;;;46;;;;;;;
2205;;;46;;;;;;;
2206;;;46;;;;;;;
2207;;;46;;;;;;;
2208;;;46;;;;;;;
2209;;;46;;;;;;;
2210;;;46;;;;;;;
2211;;;46;;;;;;;
2212;;;46;;;;;;;
2213;;;46;;;;;;;
2214;;;46;;;;;;;
2215;;;46;;;;;;;
2216;;;46;;;;;;;
2217;;;46;;;;;;;
2218;;;46;;;;;;;
2219;;;46;;;;;;;
2220;;;46;;;;;;;
2221;;;46;;;;;;;
2222;;;46;;;;;;;
2223;;;46;;;;;;;
2224;;;46;;;;;;;
2225;;;46;;;;;;;
2226;;;46;;;;;;;
2227;;;46;;;;;;;
2228;;;46;;;;;;;
2229;;;46;;;;;;;
2230;;;46;;;;;;;
2231;;;46;;;;;;;
2232;;;46;;;;;;;
2233;;;46;;;;;;;
2234;;;46;;;;;;;
2235;;;46;;;;;;;
2236;;;46;;;;;;;
2237;;;46;;;;;;;
2238;;;46;;;;;;;
2239;;;46;;;;;;;
2240;;;46;;;;;;;
2241;;;46;;;;;;;
2242;;;46;;;;;;;
2243;;;46;;;;;;;
2244;;;46;;;;;;;
2245;;;46;;;;;;;
2246;;;46;;;;;;;
2247;;;46;;;;;;;
2248;;;46;;;;;;;
2249;;;46;;;;;;;
2250;;;46;;;;;;;
2251;;;46;;;;;;;
2252;;;46;;;;;;;
2253;;;46;;;;;;;
2254;;;46;;;;;;;
2255;;;46;;;;;;;
2256;;;46;;;;;;;
2257;;;46;;;;;;;
2258;;;46;;;;;;;
2259;;;46;;;;;;;
2260;;;46;;;;;;;
2261;;;46;;;;;;;
2262;;;46;;;;;;;
2263;;;46;;;;;;;
2264;;;46;;;;;;;
2265;;;46;;;;;;;
2266;;;46;;;;;;;
2267;;;46;;;;;;;
2268;;;46;;;;;;;
2269;;;46;;;;;;;
2270;;;46;;;;;;;
2271;;;46;;;;;;;
2272;;;46;;;;;;;
2273;;;46;;;;;;;
2274;;;46;;;;;;;
2275;;;46;;;;;;;
2276;;;46;;;;;;;
2277;;;46;;;;;;;
2278;;;46;;;;;;;
2279;;;46;;;;;;;
2280;;;46;;;;;;;
2281;;;46;;;;;;;
2282;;;46;;;;;;;
2283;;;46;;;;;;;
2284;;;46;;;;;;;
2285;;;46;;;;;;;
2286;;;46;;;;;;;
2287;;;46;;;;;;;
2288;;;46;;;;;;;
2289;;;46;;;;;;;
2290;;;46;;;;;;;
2291;;;46;;;;;;;
2292;;;46;;;;;;;
2293;;;46;;;;;;;
2294;;;46;;;;;;;
2295;;;46;;;;;;;
2296;;;46;;;;;;;
2297;;;46;;;;;;;
2298;;;46;;;;;;;
2299;;;46;;;;;;;
2300;;;46;;;;;;;
2301;;;46;;;;;;;
2302;;;46;;;;;;;
2303;;;46;;;;;;;
2304;;;46;;;;;;;
2305;;;46;;;;;;;
2306;;;46;;;;;;;
2307;;;46;;;;;;;
2308;;;46;;;;;;;
2309;;;46;;;;;;;
2310;;;46;;;;;;;
2311;;;46;;;;;;;
2312;;;46;;;;;;;
2313;;;46;;;;;;;
2314;;;46;;;;;;;
2315;;;46;;;;;;;
2316;;;46;;;;;;;
2317;;;46;;;;;;;
2318;;;46;;;;;;;
2319;;;46;;;;;;;
2320;;;46;;;;;;;
2321;;;46;;;;;;;
2322;;;46;;;;;;;
2323;;;46;;;;;;;
2324;;;46;;;;;;;
2325;;;46;;;;;;;
2326;;;46;;;;;;;
2327;;;46;;;;;;;
2328;;;46;;;;;;;
2329;;;46;;;;;;;
2330;;;46;;;;;;;
2331;;;46;;;;;;;
2332;;;46;;;;;;;
2333;;;46;;;;;;;
2334;;;46;;;;;;;
2335;;;46;;;;;;;
2336;;;46;;;;;;;
2337;;;46;;;;;;;
2338;;;46;;;;;;;
2339;;;46;;;;;;;
2340;;;46;;;;;;;
2341;;;46;;;;;;;
2342;;;46;;;;;;;
2343;;;46;;;;;;;
2344;;;46;;;;;;;
2345;;;46;;;;;;;
2346;;;46;;;;;;;
2347;;;46;;;;;;;
2348;;;46;;;;;;;
2349;;;46;;;;;;;
2350;;;46;;;;;;;
2351;;;46;;;;;;;
2352;;;46;;;;;;;
2353;;;46;;;;;;;
2354;;;46;;;;;;;
2355;;;46;;;;;;;
2356;;;46;;;;;;;
2357;;;46;;;;;;;
2358;;;46;;;;;;;
2359;;;46;;;;;;;
2360;;;46;;;;;;;
2361;;;46;;;;;;;
2362;;;46;;;;;;;
2363;;;46;;;;;;;
2364;;;46;;;;;;;
2365;;;46;;;;;;;
2366;;;46;;;;;;;
2367;;;46;;;;;;;
2368;;;46;;;;;;;
2369;;;46;;;;;;;
2370;;;46;;;;;;;
2371;;;46;;;;;;;
2372;;;46;;;;;;;
2373;;;46;;;;;;;
2374;;;46;;;;;;;
2375;;;46;;;;;;;
2376;;;46;;;;;;;
2377;;;46;;;;;;;
2378;;;46;;;;;;;
2379;;;46;;;;;;;
2380;;;46;;;;;;;
2381;;;46;;;;;;;
2382;;;46;;;;;;;
2383;;;46;;;;;;;
2384;;;46;;;;;;;
2385;;;46;;;;;;;
2386;;;46;;;;;;;
2387;;;46;;;;;;;
2388;;;46;;;;;;;
2389;;;46;;;;;;;
2390;;;46;;;;;;;
2391;;;46;;;;;;;
2392;;;46;;;;;;;
2393;;;46;;;;;;;
2394;;;46;;;;;;;
2395;;;46;;;;;;;
2396;;;46;;;;;;;
2397;;;46;;;;;;;
2398;;;46;;;;;;;
2399;;;46;;;;;;;
2400;;;46;;;;;;;
2401;;;46;;;;;;;
2402;;;46;;;;;;;
2403;;;46;;;;;;;
2404;;;46;;;;;;;
2405;;;46;;;;;;;
2406;;;46;;;;;;;
2407;;;46;;;;;;;
2408;;;46;;;;;;;
2409;;;46;;;;;;;
2410;;;46;;;;;;;
2411;;;46;;;;;;;
2412;;;46;;;;;;;
2413;;;46;;;;;;;
2414;;;46;;;;;;;
2415;;;46;;;;;;;
2416;;;46;;;;;;;
2417;;;46;;;;;;;
2418;;;46;;;;;;;
2419;;;46;;;;;;;
2420;;;46;;;;;;;
2421;;;46;;;;;;;
2422;;;46;;;;;;;
2423;;;46;;;;;;;
2424;;;46;;;;;;;
2425;;;46;;;;;;;
2426;;;46;;;;;;;
2427;;;46;;;;;;;
2428;;;46;;;;;;;
2429;;;46;;;;;;;
2430;;;46;;;;;;;
2431;;;46;;;;;;;
2432;;;46;;;;;;;
2433;;;46;;;;;;;
2434;;;46;;;;;;;
2435;;;46;;;;;;;
2436;;;46;;;;;;;
2437;;;46;;;;;;;
2438;;;46;;;;;;;
2439;;;46;;;;;;;
2440;;;46;;;;;;;
2441;;;46;;;;;;;
2442;;;46;;;;;;;
2443;;;46;;;;;;;
2444;;;46;;;;;;;
2445;;;46;;;;;;;
2446;;;46;;;;;;;
2447;;;46;;;;;;;
2448;;;46;;;;;;;
2449;;;46;;;;;;;
2450;;;46;;;;;;;
2451;;;46;;;;;;;
2452;;;46;;;;;;;
2453;;;46;;;;;;;
2454;;;46;;;;;;;
2455;;;46;;;;;;;
2456;;;46;;;;;;;
2457;;;46;;;;;;;
2458;;;46;;;;;;;
2459;;;46;;;;;;;
2460;;;46;;;;;;;
2461;;;46;;;;;;;
2462;;;46;;;;;;;
2463;;;46;;;;;;;
2464;;;46;;;;;;;
2465;;;46;;;;;;;
2466;;;45;;;;;;;
2467;;;45;;;;;;;
2468;;;45;;;;;;;
2469;;;45;;;;;;;
2470;;;45;;;;;;;
2471;;;45;;;;;;;
2472;;;45;;;;;;;
2473;;;45;;;;;;;
2474;;;45;;;;;;;
2475;;;45;;;;;;;
2476;;;45;;;;;;;
2477;;;45;;;;;;;
2478;;;45;;;;;;;
2479;;;45;;;;;;;
2480;;;45;;;;;;;
2481;;;45;;;;;;;
2482;;;45;;;;;;;
2483;;;45;;;;;;;
2484;;;45;;;;;;;
2485;;;45;;;;;;;
2486;;;45;;;;;;;
2487;;;45;;;;;;;
2488;;;45;;;;;;;
2489;;;45;;;;;;;
2490;;;45;;;;;;;
2491;;;45;;;;;;;
2492;;;45;;;;;;;
2493;;;45;;;;;;;
2494;;;45;;;;;;;
2495;;;45;;;;;;;
2496;;;45;;;;;;;
2497;;;45;;;;;;;
2498;;;45;;;;;;;
2499;;;45;;;;;;;
2500;;;45;;;;;;;
2501;;;45;;;;;;;
2502;;;45;;;;;;;
2503;;;45;;;;;;;
2504;;;45;;;;;;;
2505;;;45;;;;;;;
2506;;;45;;;;;;;
2507;;;45;;;;;;;
2508;;;45;;;;;;;
2509;;;45;;;;;;;
2510;;;45;;;;;;;
2511;;;45;;;;;;;
2512;;;45;;;;;;;
2513;;;45;;;;;;;
2514;;;45;;;;;;;
2515;;;45;;;;;;;
2516;;;45;;;;;;;
2517;;;45;;;;;;;
2518;;;45;;;;;;;
2519;;;45;;;;;;;
2520;;;45;;;;;;;
2521;;;45;;;;;;;
2522;;;45;;;;;;;
2523;;;45;;;;;;;
2524;;;45;;;;;;;
2525;;;45;;;;;;;
2526;;;45;;;;;;;
2527;;;45;;;;;;;
2528;;;45;;;;;;;
2529;;;45;;;;;;;
2530;;;45;;;;;;;
2531;;;45;;;;;;;
2532;;;45;;;;;;;
2533;;;45;;;;;;;
2534;;;45;;;;;;;
2535;;;45;;;;;;;
2536;;;45;;;;;;;
2537;;;45;;;;;;;
2538;;;45;;;;;;;
2539;;;45;;;;;;;
2540;;;45;;;;;;;
2541;;;45;;;;;;;
2542;;;45;;;;;;;
2543;;;45;;;;;;;
2544;;;45;;;;;;;
2545;;;45;;;;;;;
2546;;;45;;;;;;;
2547;;;45;;;;;;;
2548;;;45;;;;;;;
2549;;;45;;;;;;;
2550;;;45;;;;;;;
2551;;;45;;;;;;;
2552;;;45;;;;;;;
2553;;;45;;;;;;;
2554;;;45;;;;;;;
2555;;;45;;;;;;;
2556;;;45;;;;;;;
2557;;;45;;;;;;;
2558;;;45;;;;;;;
2559;;;45;;;;;;;
2560;;;45;;;;;;;
2561;;;45;;;;;;;
2562;;;45;;;;;;;
2563;;;45;;;;;;;
2564;;;45;;;;;;;
2565;;;45;;;;;;;
2566;;;45;;;;;;;
2567;;;45;;;;;;;
2568;;;45;;;;;;;
2569;;;45;;;;;;;
2570;;;45;;;;;;;
2571;;;45;;;;;;;
2572;;;45;;;;;;;
2573;;;45;;;;;;;
2574;;;42;;;;;;;
2575;;;42;;;;;;;
2576;;;42;;;;;;;
2577;;;42;;;;;;;
2578;;;42;;;;;;;
2579;;;42;;;;;;;
2580;;;42;;;;;;;
2581;;;42;;;;;;;
2582;;;42;;;;;;;
2583;;;42;;;;;;;
2584;;;42;;;;;;;
2585;;;42;;;;;;;
2586;;;42;;;;;;;
2587;;;42;;;;;;;
2588;;;42;;;;;;;
2589;;;42;;;;;;;
2590;;;42;;;;;;;
2591;;;42;;;;;;;
2592;;;42;;;;;;;
2593;;;42;;;;;;;
2594;;;42;;;;;;;
2595;;;42;;;;;;;
2596;;;42;;;;;;;
2597;;;42;;;;;;;
2598;;;42;;;;;;;
2599;;;42;;;;;;;
2600;;;42;;;;;;;
2601;;;42;;;;;;;
2602;;;42;;;;;;;
2603;;;42;;;;;;;
2604;;;42;;;;;;;
2605;;;42;;;;;;;
2606;;;42;;;;;;;
2607;;;42;;;;;;;
2608;;;42;;;;;;;
2609;;;42;;;;;;;
2610;;;42;;;;;;;
2611;;;42;;;;;;;
2612;;;42;;;;;;;
2613;;;42;;;;;;;
2614;;;42;;;;;;;
2615;;;42;;;;;;;
2616;;;42;;;;;;;
2617;;;42;;;;;;;
2618;;;42;;;;;;;
2619;;;42;;;;;;;
2620;;;42;;;;;;;
2621;;;42;;;;;;;
2622;;;42;;;;;;;
2623;;;42;;;;;;;
2624;;;42;;;;;;;
2625;;;42;;;;;;;
2626;;;42;;;;;;;
2627;;;42;;;;;;;
2628;;;42;;;;;;;
2629;;;42;;;;;;;
2630;;;42;;;;;;;
2631;;;42;;;;;;;
2632;;;42;;;;;;;
2633;;;42;;;;;;;
2634;;;42;;;;;;;
2635;;;42;;;;;;;
2636;;;42;;;;;;;
2637;;;42;;;;;;;
2638;;;42;;;;;;;
2639;;;42;;;;;;;
2640;;;42;;;;;;;
2641;;;42;;;;;;;
2642;;;42;;;;;;;
2643;;;42;;;;;;;
2644;;;42;;;;;;;
2645;;;42;;;;;;;
2646;;;42;;;;;;;
2647;;;42;;;;;;;
2648;;;42;;;;;;;
2649;;;42;;;;;;;
2650;;;42;;;;;;;
2651;;;42;;;;;;;
2652;;;42;;;;;;;
2653;;;42;;;;;;;
2654;;;42;;;;;;;
2655;;;42;;;;;;;
2656;;;42;;;;;;;
2657;;;42;;;;;;;
2658;;;42;;;;;;;
2659;;;42;;;;;;;
2660;;;42;;;;;;;
2661;;;42;;;;;;;
2662;;;42;;;;;;;
2663;;;42;;;;;;;
2664;;;42;;;;;;;
2665;;;42;;;;;;;
2666;;;42;;;;;;;
2667;;;42;;;;;;;
2668;;;42;;;;;;;
2669;;;42;;;;;;;
2670;;;42;;;;;;;
2671;;;42;;;;;;;
2672;;;42;;;;;;;
2673;;;42;;;;;;;
2674;;;42;;;;;;;
2675;;;42;;;;;;;
2676;;;42;;;;;;;
2677;;;42;;;;;;;
2678;;;42;;;;;;;
2679;;;42;;;;;;;
2680;;;42;;;;;;;
2681;;;42;;;;;;;
2682;;;42;;;;;;;
2683;;;42;;;;;;;
2684;;;42;;;;;;;
2685;;;42;;;;;;;
2686;;;42;;;;;;;
2687;;;42;;;;;;;
2688;;;42;;;;;;;
2689;;;42;;;;;;;
2690;;;42;;;;;;;
2691;;;42;;;;;;;
2692;;;42;;;;;;;
2693;;;42;;;;;;;
2694;;;42;;;;;;;
2695;;;42;;;;;;;
2696;;;42;;;;;;;
2697;;;42;;;;;;;
2698;;;42;;;;;;;
2699;;;42;;;;;;;
2700;;;42;;;;;;;
2701;;;42;;;;;;;
2702;;;42;;;;;;;
2703;;;42;;;;;;;
2704;;;42;;;;;;;
2705;;;42;;;;;;;
2706;;;42;;;;;;;
2707;;;42;;;;;;;
2708;;;38;;;;;;;
2709;;;38;;;;;;;
2710;;;38;;;;;;;
2711;;;38;;;;;;;
2712;;;38;;;;;;;
2713;;;38;;;;;;;
2714;;;38;;;;;;;
2715;;;38;;;;;;;
2716;;;38;;;;;;;
2717;;;38;;;;;;;
2718;;;38;;;;;;;
2719;;;38;;;;;;;
2720;;;38;;;;;;;
2721;;;38;;;;;;;
2722;;;38;;;;;;;
2723;;;38;;;;;;;
2724;;;38;;;;;;;
2725;;;38;;;;;;;
2726;;;38;;;;;;;
2727;;;38;;;;;;;
2728;;;38;;;;;;;
2729;;;38;;;;;;;
2730;;;38;;;;;;;
2731;;;38;;;;;;;
2732;;;38;;;;;;;
2733;;;38;;;;;;;
2734;;;38;;;;;;;
2735;;;38;;;;;;;
2736;;;38;;;;;;;
2737;;;38;;;;;;;
2738;;;38;;;;;;;
2739;;;38;;;;;;;
2740;;;38;;;;;;;
2741;;;38;;;;;;;
2742;;;38;;;;;;;
2743;;;38;;;;;;;
2744;;;38;;;;;;;
2745;;;38;;;;;;;
2746;;;38;;;;;;;
2747;;;38;;;;;;;
2748;;;38;;;;;;;
2749;;;38;;;;;;;
2750;;;38;;;;;;;
2751;;;38;;;;;;;
2752;;;38;;;;;;;
2753;;;38;;;;;;;
2754;;;38;;;;;;;
2755;;;38;;;;;;;
2756;;;38;;;;;;;
2757;;;38;;;;;;;
2758;;;38;;;;;;;
2759;;;38;;;;;;;
2760;;;38;;;;;;;
2761;;;38;;;;;;;
2762;;;38;;;;;;;
2763;;;38;;;;;;;
2764;;;38;;;;;;;
2765;;;38;;;;;;;
2766;;;38;;;;;;;
2767;;;38;;;;;;;
2768;;;38;;;;;;;
2769;;;38;;;;;;;
2770;;;38;;;;;;;
2771;;;38;;;;;;;
2772;;;38;;;;;;;
2773;;;38;;;;;;;
2774;;;38;;;;;;;
2775;;;38;;;;;;;
2776;;;38;;;;;;;
2777;;;38;;;;;;;
2778;;;38;;;;;;;
2779;;;38;;;;;;;
2780;;;38;;;;;;;
2781;;;38;;;;;;;
2782;;;38;;;;;;;
2783;;;38;;;;;;;
2784;;;38;;;;;;;
2785;;;38;;;;;;;
2786;;;38;;;;;;;
2787;;;38;;;;;;;
2788;;;38;;;;;;;
2789;;;38;;;;;;;
2790;;;38;;;;;;;
2791;;;38;;;;;;;
2792;;;38;;;;;;;
2793;;;38;;;;;;;
2794;;;38;;;;;;;
2795;;;38;;;;;;;
2796;;;38;;;;;;;
2797;;;38;;;;;;;
2798;;;38;;;;;;;
2799;;;38;;;;;;;
2800;;;38;;;;;;;
2801;;;38;;;;;;;
2802;;;38;;;;;;;
2803;;;38;;;;;;;
2804;;;38;;;;;;;
2805;;;38;;;;;;;
2806;;;38;;;;;;;
2807;;;38;;;;;;;
2808;;;38;;;;;;;
2809;;;38;;;;;;;
2810;;;38;;;;;;;
2811;;;38;;;;;;;
2812;;;38;;;;;;;
2813;;;38;;;;;;;
2814;;;38;;;;;;;
2815;;;38;;;;;;;
2816;;;38;;;;;;;
2817;;;38;;;;;;;
2818;;;38;;;;;;;
2819;;;38;;;;;;;
2820;;;38;;;;;;;
2821;;;38;;;;;;;
2822;;;38;;;;;;;
2823;;;38;;;;;;;
2824;;;38;;;;;;;
2825;;;38;;;;;;;
2826;;;38;;;;;;;
2827;;;38;;;;;;;
2828;;;38;;;;;;;
2829;;;38;;;;;;;
2830;;;38;;;;;;;
2831;;;38;;;;;;;
2832;;;38;;;;;;;
2833;;;38;;;;;;;
2834;;;38;;;;;;;
2835;;;38;;;;;;;
2836;;;38;;;;;;;
2837;;;38;;;;;;;
2838;;;38;;;;;;;
2839;;;38;;;;;;;
2840;;;38;;;;;;;
2841;;;38;;;;;;;
2842;;;38;;;;;;;
2843;;;38;;;;;;;
2844;;;38;;;;;;;
2845;;;38;;;;;;;
2846;;;38;;;;;;;
2847;;;38;;;;;;;
2848;;;38;;;;;;;
2849;;;38;;;;;;;
2850;;;38;;;;;;;
2851;;;38;;;;;;;
2852;;;38;;;;;;;
2853;;;38;;;;;;;
2854;;;38;;;;;;;
2855;;;38;;;;;;;
2856;;;38;;;;;;;
2857;;;38;;;;;;;
2858;;;38;;;;;;;
2859;;;38;;;;;;;
2860;;;38;;;;;;;
2861;;;38;;;;;;;
2862;;;38;;;;;;;
2863;;;38;;;;;;;
2864;;;38;;;;;;;
2865;;;38;;;;;;;
2866;;;38;;;;;;;
2867;;;38;;;;;;;
2868;;;38;;;;;;;
2869;;;38;;;;;;;
2870;;;38;;;;;;;
2871;;;38;;;;;;;
2872;;;38;;;;;;;
2873;;;38;;;;;;;
2874;;;38;;;;;;;
2875;;;38;;;;;;;
2876;;;38;;;;;;;
2877;;;38;;;;;;;
2878;;;38;;;;;;;
2879;;;38;;;;;;;
2880;;;38;;;;;;;
2881;;;38;;;;;;;
2882;;;38;;;;;;;
2883;;;38;;;;;;;
2884;;;38;;;;;;;
2885;;;38;;;;;;;
2886;;;38;;;;;;;
2887;;;38;;;;;;;
2888;;;38;;;;;;;
2889;;;38;;;;;;;
2890;;;38;;;;;;;
2891;;;38;;;;;;;
2892;;;38;;;;;;;
2893;;;38;;;;;;;
2894;;;37;;;;;;;
2895;;;37;;;;;;;
2896;;;37;;;;;;;
2897;;;37;;;;;;;
2898;;;37;;;;;;;
2899;;;37;;;;;;;
2900;;;37;;;;;;;
2901;;;37;;;;;;;
2902;;;37;;;;;;;
2903;;;37;;;;;;;
2904;;;37;;;;;;;
2905;;;37;;;;;;;
2906;;;37;;;;;;;
2907;;;37;;;;;;;
2908;;;37;;;;;;;
2909;;;37;;;;;;;
2910;;;37;;;;;;;
2911;;;37;;;;;;;